-- Exported from current remote GaussDB for BookstoreManagementSystem.
-- Generated by local psycopg2 catalog exporter.
-- Target: restore into an empty or disposable database/schema.

SET client_encoding = 'UTF8';
SET standard_conforming_strings = on;

BEGIN;

-- book_category: 22 rows
INSERT INTO "public"."book_category" ("category_id", "category_name") VALUES ('A', '马克思主义、列宁主义、毛泽东思想');
INSERT INTO "public"."book_category" ("category_id", "category_name") VALUES ('B', '哲学');
INSERT INTO "public"."book_category" ("category_id", "category_name") VALUES ('C', '社会科学总论');
INSERT INTO "public"."book_category" ("category_id", "category_name") VALUES ('D', '政治、法律');
INSERT INTO "public"."book_category" ("category_id", "category_name") VALUES ('E', '军事');
INSERT INTO "public"."book_category" ("category_id", "category_name") VALUES ('F', '经济');
INSERT INTO "public"."book_category" ("category_id", "category_name") VALUES ('G', '文化、科学、教育、体育');
INSERT INTO "public"."book_category" ("category_id", "category_name") VALUES ('H', '语言、文字');
INSERT INTO "public"."book_category" ("category_id", "category_name") VALUES ('I', '文学');
INSERT INTO "public"."book_category" ("category_id", "category_name") VALUES ('J', '艺术');
INSERT INTO "public"."book_category" ("category_id", "category_name") VALUES ('K', '历史、地理');
INSERT INTO "public"."book_category" ("category_id", "category_name") VALUES ('N', '自然科学总论');
INSERT INTO "public"."book_category" ("category_id", "category_name") VALUES ('O', '数理科学和化学');
INSERT INTO "public"."book_category" ("category_id", "category_name") VALUES ('P', '天文学、地理科学');
INSERT INTO "public"."book_category" ("category_id", "category_name") VALUES ('Q', '生物科学');
INSERT INTO "public"."book_category" ("category_id", "category_name") VALUES ('R', '医学、卫生');
INSERT INTO "public"."book_category" ("category_id", "category_name") VALUES ('S', '农业科学');
INSERT INTO "public"."book_category" ("category_id", "category_name") VALUES ('T', '工业技术');
INSERT INTO "public"."book_category" ("category_id", "category_name") VALUES ('U', '交通运输');
INSERT INTO "public"."book_category" ("category_id", "category_name") VALUES ('V', '航空、航天');
INSERT INTO "public"."book_category" ("category_id", "category_name") VALUES ('X', '环境科学、劳动保护科学（安全科学）');
INSERT INTO "public"."book_category" ("category_id", "category_name") VALUES ('Z', '综合性图书');

-- publisher: 31 rows
INSERT INTO "public"."publisher" ("publisher_id", "address", "phone", "contact_person") VALUES ('华文出版社', '北京广外大街305号8区2号楼', '14766444643', '刘春梅');
INSERT INTO "public"."publisher" ("publisher_id", "address", "phone", "contact_person") VALUES ('中国社会科学出版社', '北京西城区鼓楼西大街甲158号', '15867739721', '徐凯');
INSERT INTO "public"."publisher" ("publisher_id", "address", "phone", "contact_person") VALUES ('东方出版社', '北京市东城区朝阳门内大街166号', '18873760219', '陈婷婷');
INSERT INTO "public"."publisher" ("publisher_id", "address", "phone", "contact_person") VALUES ('黑龙江科学技术出版社', '黑龙江哈尔滨南岗区公安街70-2号', '18677509926', '夏秀云');
INSERT INTO "public"."publisher" ("publisher_id", "address", "phone", "contact_person") VALUES ('中国纺织出版社', '北京朝阳区百子湾东里A407', '15241806188', '陈雪');
INSERT INTO "public"."publisher" ("publisher_id", "address", "phone", "contact_person") VALUES ('武汉大学出版社', '湖北武昌珞珈山', '18866174701', '柯凯');
INSERT INTO "public"."publisher" ("publisher_id", "address", "phone", "contact_person") VALUES ('国防大学出版社', '北京海淀区红山口甲3号', '13136201820', '吴玉英');
INSERT INTO "public"."publisher" ("publisher_id", "address", "phone", "contact_person") VALUES ('中国地质大学出版社', '湖北武汉鲁磨路388号', '15879556455', '张亮');
INSERT INTO "public"."publisher" ("publisher_id", "address", "phone", "contact_person") VALUES ('气象出版社', '北京海淀区中关村南大街46号', '13131650583', '陈燕');
INSERT INTO "public"."publisher" ("publisher_id", "address", "phone", "contact_person") VALUES ('商务印书馆', '北京王府井大街36号', '18002315739', '王俊');
INSERT INTO "public"."publisher" ("publisher_id", "address", "phone", "contact_person") VALUES ('长春出版社', '吉林长春建设街1377号', '13776236779', '何婷婷');
INSERT INTO "public"."publisher" ("publisher_id", "address", "phone", "contact_person") VALUES ('北京理工大学出版社', '北京市海淀区中关村南大街5号理工国际交流大厦五层', '18714000106', '林飞');
INSERT INTO "public"."publisher" ("publisher_id", "address", "phone", "contact_person") VALUES ('浙江人民美术出版社', '浙江杭州体育场路347号', '15773286042', '常亮');
INSERT INTO "public"."publisher" ("publisher_id", "address", "phone", "contact_person") VALUES ('中国言实出版社', '北京海淀区花园路6号B座6层', '18715264493', '张婷婷');
INSERT INTO "public"."publisher" ("publisher_id", "address", "phone", "contact_person") VALUES ('天津科学技术出版社', '天津和平区西康路35号10-11层', '15975635145', '王兵');
INSERT INTO "public"."publisher" ("publisher_id", "address", "phone", "contact_person") VALUES ('辽宁教育出版社', '辽宁省沈阳市和平区十一纬路25号', '18161180948', '邱璐');
INSERT INTO "public"."publisher" ("publisher_id", "address", "phone", "contact_person") VALUES ('中山大学出版社', '广东省广州市新港西路135号中山大学内东北区343号', '15196856109', '陆欢');
INSERT INTO "public"."publisher" ("publisher_id", "address", "phone", "contact_person") VALUES ('航空工业出版社', '北京市朝阳区北苑路安外北苑2号院传媒楼2层', '15590572453', '孙英');
INSERT INTO "public"."publisher" ("publisher_id", "address", "phone", "contact_person") VALUES ('国防工业出版社', '北京市海淀区紫竹院南路23号', '13460652919', '王鹏');
INSERT INTO "public"."publisher" ("publisher_id", "address", "phone", "contact_person") VALUES ('中国政法大学出版社', '北京市海淀区西土城路25号', '15767554173', '匡宇');
INSERT INTO "public"."publisher" ("publisher_id", "address", "phone", "contact_person") VALUES ('中国人口出版社', '北京市西城区广安门南街80号', '15879800989', '刘秀华');
INSERT INTO "public"."publisher" ("publisher_id", "address", "phone", "contact_person") VALUES ('中西书局', '上海市号景路159弄B座9F-10F', '18989988402', '高莹');
INSERT INTO "public"."publisher" ("publisher_id", "address", "phone", "contact_person") VALUES ('原子能出版社', '北京市海淀区阜成路43号', '13079065182', '尹东');
INSERT INTO "public"."publisher" ("publisher_id", "address", "phone", "contact_person") VALUES ('安徽科学技术出版社', '安徽合肥市翡翠路1118号出版传媒广场', '13444033656', '李浩');
INSERT INTO "public"."publisher" ("publisher_id", "address", "phone", "contact_person") VALUES ('清华大学出版社', '北京海淀区清华大学学研大厦A座709', '13700744459', '李岩');
INSERT INTO "public"."publisher" ("publisher_id", "address", "phone", "contact_person") VALUES ('测绘出版社', '北京市西城区三里河路50号', '18123694196', '李小红');
INSERT INTO "public"."publisher" ("publisher_id", "address", "phone", "contact_person") VALUES ('对外经济贸易大学出版社', '北京朝阳区惠新东街10号', '15139035310', '严秀云');
INSERT INTO "public"."publisher" ("publisher_id", "address", "phone", "contact_person") VALUES ('山西人民出版社', '山西太原建设南路21号', '13440216074', '蒋平');
INSERT INTO "public"."publisher" ("publisher_id", "address", "phone", "contact_person") VALUES ('测试出版社', '测试市测试路', '123456789', '梁树颖');
INSERT INTO "public"."publisher" ("publisher_id", "address", "phone", "contact_person") VALUES ('南京东南大学出版社', '南京市四牌楼2号', '13746497875', '马冬梅');
INSERT INTO "public"."publisher" ("publisher_id", "address", "phone", "contact_person") VALUES ('合肥工业大学出版社', '宣城市宣州区金坝街道薰化路301号', '18678203768', '王梅');

-- purchase_order: 7 rows
INSERT INTO "public"."purchase_order" ("order_id", "purchaser", "purchase_date", "notes") VALUES ('PO-4', '采购员A', '2025-06-24T23:41:27.620082'::timestamp, '批量采购2025-Q3教材');
INSERT INTO "public"."purchase_order" ("order_id", "purchaser", "purchase_date", "notes") VALUES ('PO-7', '采购员A', '2025-06-25T00:05:59.832291'::timestamp, '批量采购2025-Q3教材');
INSERT INTO "public"."purchase_order" ("order_id", "purchaser", "purchase_date", "notes") VALUES ('PO-14', 'proc1', '2025-07-02T16:26:00'::timestamp, '泥工出版社采购图书');
INSERT INTO "public"."purchase_order" ("order_id", "purchaser", "purchase_date", "notes") VALUES ('PO-11', 'proc1', '2025-06-26T15:38:23.878841'::timestamp, '批量采购2025-Q4');
INSERT INTO "public"."purchase_order" ("order_id", "purchaser", "purchase_date", "notes") VALUES ('8', '采购员B', '2025-06-25T00:00:00'::timestamp, '批量采购2025-Q1');
INSERT INTO "public"."purchase_order" ("order_id", "purchaser", "purchase_date", "notes") VALUES ('PO-9', '采购员B', '2025-06-25T20:52:54.650141'::timestamp, '批量采购2025-Q4');
INSERT INTO "public"."purchase_order" ("order_id", "purchaser", "purchase_date", "notes") VALUES ('PO-19', 'proc1', '2025-07-10T15:07:00'::timestamp, '合肥工业大学2026-Q1教材');

-- sales_order: 5 rows
INSERT INTO "public"."sales_order" ("order_id", "customer", "sale_date", "notes") VALUES ('SO-4', '梁树颖', '2025-06-25T22:59:27.129379'::timestamp, '柳州高中课本订购');
INSERT INTO "public"."sales_order" ("order_id", "customer", "sale_date", "notes") VALUES ('SO-12', '梁树颖', '2025-06-26T15:40:33.198934'::timestamp, '柳州高中课本订购');
INSERT INTO "public"."sales_order" ("order_id", "customer", "sale_date", "notes") VALUES ('SO-13', '安金龙', '2025-07-02T16:22:00'::timestamp, '合肥工业大学图书选购');
INSERT INTO "public"."sales_order" ("order_id", "customer", "sale_date", "notes") VALUES ('SO-15', '安银龙', '2025-07-02T16:28:00'::timestamp, '合肥工业大学图书补选');
INSERT INTO "public"."sales_order" ("order_id", "customer", "sale_date", "notes") VALUES ('SO-20', '安铜龙', '2025-07-10T15:14:00'::timestamp, '2025年热销书籍统一批发');

-- users: 6 rows
INSERT INTO "public"."users" ("username", "password", "role") VALUES ('admin1', 'scrypt:32768:8:1$zEt8a0ierIIqIRTt$5302a96a1b36b2bb20bfcbab8cd927ac48389b29722e671a63dc829f4d88246aae6189e753f3489af3d2013e728fb7e88079a8fb5593e06b643ad2c95723db3b', 'sys_admin');
INSERT INTO "public"."users" ("username", "password", "role") VALUES ('proc1', 'scrypt:32768:8:1$PjSfdyZ38TuXk5d5$0a69cbf05b2712917884be60a9330b36c0babbb6ec3de740777b3ce623ec1ba47785b710a13288fbe6ab1f8b3fe180759e5de1684fd297f81d12e96cd9360aae', 'procurement_officer');
INSERT INTO "public"."users" ("username", "password", "role") VALUES ('ware1', 'scrypt:32768:8:1$sXQG0kxTCsOnNowi$869fbb378d3167898397dc46b09d7fe7e0e9151f62a121becf7f967d0e08c9323209e44a0c99fa21323646af7901d22c4b731a555a6baf9374388e1e89108aff', 'warehouse_keeper');
INSERT INTO "public"."users" ("username", "password", "role") VALUES ('sale1', 'scrypt:32768:8:1$jq6VTNwabEkKXFo1$eefde416180a757a53de8af2e613881f61e9a8d25b00a8ada3efd050113093f9038f43a8951176e45a6e9c20387305eedaf635b5bef5956912feb51df33b8b56', 'sales_agent');
INSERT INTO "public"."users" ("username", "password", "role") VALUES ('fin1', 'scrypt:32768:8:1$hA3xeYtoyVDNlWaF$4263c7ec836a8acbcf78552c8883809b1b7552dad1bf58bc210b74d4c13a399bec1471e35ffdb563388776d61ba43c7dcaf6c79df20172244395e943b25321eb', 'finance_officer');
INSERT INTO "public"."users" ("username", "password", "role") VALUES ('sales2', 'scrypt:32768:8:1$PlJUNMvzzlKrQGHj$e7af2f25168077cdf31fc835fa6d65eb183e77a4aefce5c04a7198eb498e33a6e3f7b3f28ab1ec6537f0842406b2ac39f9158f4638ddf67386727e1e43cfcbb9', 'sales_agent');

-- book: 31 rows
INSERT INTO "public"."book" ("book_id", "title", "publisher_id", "category_id", "author", "retail_price") VALUES ('7-5625-1140-3', '火山活动与多金属结核分布的关系', '中国地质大学出版社', 'P', '康长生', 20.00);
INSERT INTO "public"."book" ("book_id", "title", "publisher_id", "category_id", "author", "retail_price") VALUES ('978-7-5029-5033-0', '系统自然地理学理论与方法', '气象出版社', 'P', '周国富', 27.60);
INSERT INTO "public"."book" ("book_id", "title", "publisher_id", "category_id", "author", "retail_price") VALUES ('7-100-00787-9', '英国现代史', '商务印书馆', 'K', '梅德利科特', 38.70);
INSERT INTO "public"."book" ("book_id", "title", "publisher_id", "category_id", "author", "retail_price") VALUES ('7-80604-220-2', '蒸气机打出的天下英国工业革命', '长春出版社', 'K', '张万合', 20.80);
INSERT INTO "public"."book" ("book_id", "title", "publisher_id", "category_id", "author", "retail_price") VALUES ('978-7-5682-1176-5', '斯宾塞的快乐教育全书珍藏版', '北京理工大学出版社', 'G', '英斯宾塞', 34.80);
INSERT INTO "public"."book" ("book_id", "title", "publisher_id", "category_id", "author", "retail_price") VALUES ('978-7-5340-2939-4', '米芾行书习字帖', '浙江人民美术出版社', 'J', '路振平', 23.90);
INSERT INTO "public"."book" ("book_id", "title", "publisher_id", "category_id", "author", "retail_price") VALUES ('978-7-5151-0614-4', '假如给我三天光明', '中国言实出版社', 'K', '凯勒', 17.70);
INSERT INTO "public"."book" ("book_id", "title", "publisher_id", "category_id", "author", "retail_price") VALUES ('7-5308-1691-8', '药理学教学指导', '天津科学技术出版社', 'R', '许士凯，姚明辉', 26.50);
INSERT INTO "public"."book" ("book_id", "title", "publisher_id", "category_id", "author", "retail_price") VALUES ('978-7-5549-0320-9', '古埃及的故事', '辽宁教育出版社', 'K', '图说世界历史编委会', 18.50);
INSERT INTO "public"."book" ("book_id", "title", "publisher_id", "category_id", "author", "retail_price") VALUES ('978-7-306-05383-1', '中国古代文学探微', '中山大学出版社', 'I', '沈有珠', 16.90);
INSERT INTO "public"."book" ("book_id", "title", "publisher_id", "category_id", "author", "retail_price") VALUES ('7-80134-435-9', '电脑办公快学通', '航空工业出版社', 'C', '郭庆', 18.30);
INSERT INTO "public"."book" ("book_id", "title", "publisher_id", "category_id", "author", "retail_price") VALUES ('978-7-118-09194-6', '运载火箭飞行控制系统设计与验证', '国防工业出版社', 'V', '作者李学锋', 31.40);
INSERT INTO "public"."book" ("book_id", "title", "publisher_id", "category_id", "author", "retail_price") VALUES ('978-7-5620-7860-9', '法律冲突解决的进路与方法', '中国政法大学出版社', 'D', '陈运生', 24.40);
INSERT INTO "public"."book" ("book_id", "title", "publisher_id", "category_id", "author", "retail_price") VALUES ('978-7-5171-1397-3', '范红伟心灵说服沟通与演讲要领', '中国言实出版社', 'H', '范红伟', 17.00);
INSERT INTO "public"."book" ("book_id", "title", "publisher_id", "category_id", "author", "retail_price") VALUES ('978-7-5101-1104-4', '北京市人口和计划生育年鉴', '中国人口出版社', 'C', '刘志主', 49.20);
INSERT INTO "public"."book" ("book_id", "title", "publisher_id", "category_id", "author", "retail_price") VALUES ('978-7-5475-0833-6', '全球艺术品市场报告', '中西书局', 'J', '克莱尔麦克安德鲁', 19.20);
INSERT INTO "public"."book" ("book_id", "title", "publisher_id", "category_id", "author", "retail_price") VALUES ('7-5022-2062-3', '第六届进口图书采访工作研讨会论文集', '原子能出版社', 'G', '聂君庆', 48.90);
INSERT INTO "public"."book" ("book_id", "title", "publisher_id", "category_id", "author", "retail_price") VALUES ('978-7-5331-7292-3', '农机维修员', '安徽科学技术出版社', 'S', '唐仲明', 22.00);
INSERT INTO "public"."book" ("book_id", "title", "publisher_id", "category_id", "author", "retail_price") VALUES ('978-7-5357-4242-1', '蟹状星云和她的明珠', '安徽科学技术出版社', 'P', '何香涛', 45.20);
INSERT INTO "public"."book" ("book_id", "title", "publisher_id", "category_id", "author", "retail_price") VALUES ('978-7-302-51596-8 ', '无人机概论', '清华大学出版社', 'V', '钟伟雄，韦凤', 45.70);
INSERT INTO "public"."book" ("book_id", "title", "publisher_id", "category_id", "author", "retail_price") VALUES ('978-7-5641-4730-3', '科学的南京', '南京东南大学出版社', 'X', '国科学社', 44.60);
INSERT INTO "public"."book" ("book_id", "title", "publisher_id", "category_id", "author", "retail_price") VALUES ('7-5030-0883-0', '卫星测量原理与应用', '测绘出版社', 'P', '作者周忠谟，易杰军编著', 18.70);
INSERT INTO "public"."book" ("book_id", "title", "publisher_id", "category_id", "author", "retail_price") VALUES ('978-7-5663-1580-9', '机遇决策行为及其影响机制研究', '对外经济贸易大学出版社', 'C', '解进强著', 39.20);
INSERT INTO "public"."book" ("book_id", "title", "publisher_id", "category_id", "author", "retail_price") VALUES ('978-7-203-09347-3', '佛教圣地', '山西人民出版社', 'B', '武献民，张惠芝，杨云山', 35.90);
INSERT INTO "public"."book" ("book_id", "title", "publisher_id", "category_id", "author", "retail_price") VALUES ('978-7-5075-4004-8', '水的警示', '华文出版社', 'P', '郑克棪著', 22.00);
INSERT INTO "public"."book" ("book_id", "title", "publisher_id", "category_id", "author", "retail_price") VALUES ('978-7-5161-4400-8', '澳大利亚共产党的社会主义理论与实践研究', '中国社会科学出版社', 'D', '聂运麟', 10.40);
INSERT INTO "public"."book" ("book_id", "title", "publisher_id", "category_id", "author", "retail_price") VALUES ('978-7-5060-9302-6', '日本梦沉默，但迟早要选择', '东方出版社', 'K', '刘明福，日加藤嘉一', 35.10);
INSERT INTO "public"."book" ("book_id", "title", "publisher_id", "category_id", "author", "retail_price") VALUES ('978-7-5388-4545-7', '时间的奥妙', '黑龙江科学技术出版社', 'P', '李俊华', 12.40);
INSERT INTO "public"."book" ("book_id", "title", "publisher_id", "category_id", "author", "retail_price") VALUES ('978-7-5064-8527-2', '基础化学上', '中国纺织出版社', 'O', '陈祝军，戴桦根', 39.30);
INSERT INTO "public"."book" ("book_id", "title", "publisher_id", "category_id", "author", "retail_price") VALUES ('978-7-307-07784-3', '图书馆管理学', '武汉大学出版社', 'G', '付立宏', 15.10);
INSERT INTO "public"."book" ("book_id", "title", "publisher_id", "category_id", "author", "retail_price") VALUES ('7-5626-0615-3', '孙子探源', '国防大学出版社', 'E', '贾若瑜', 20.50);

-- inventory: 13 rows
INSERT INTO "public"."inventory" ("book_id", "stock_quantity", "last_updated") VALUES ('978-7-5171-1397-3', 150, '2025-06-26T15:38:23.878841'::timestamp);
INSERT INTO "public"."inventory" ("book_id", "stock_quantity", "last_updated") VALUES ('978-7-5620-7860-9', 250, '2025-06-26T15:38:23.878841'::timestamp);
INSERT INTO "public"."inventory" ("book_id", "stock_quantity", "last_updated") VALUES ('7-100-00787-9', 50, '2025-06-26T15:40:33.198934'::timestamp);
INSERT INTO "public"."inventory" ("book_id", "stock_quantity", "last_updated") VALUES ('7-5308-1691-8', 50, '2025-06-26T15:40:33.198934'::timestamp);
INSERT INTO "public"."inventory" ("book_id", "stock_quantity", "last_updated") VALUES ('978-7-5340-2939-4', 30, '2025-07-03T00:24:28.518038'::timestamp);
INSERT INTO "public"."inventory" ("book_id", "stock_quantity", "last_updated") VALUES ('7-5626-0615-3', 300, '2025-07-03T00:27:36.946745'::timestamp);
INSERT INTO "public"."inventory" ("book_id", "stock_quantity", "last_updated") VALUES ('978-7-5151-0614-4', 500, '2025-07-03T00:27:36.946745'::timestamp);
INSERT INTO "public"."inventory" ("book_id", "stock_quantity", "last_updated") VALUES ('978-7-5331-7292-3', 10, '2025-07-03T00:29:33.947918'::timestamp);
INSERT INTO "public"."inventory" ("book_id", "stock_quantity", "last_updated") VALUES ('978-7-5029-5033-0', 50, '2025-07-09T19:38:16.520493'::timestamp);
INSERT INTO "public"."inventory" ("book_id", "stock_quantity", "last_updated") VALUES ('978-7-5357-4242-1', 1000, '2025-07-10T23:09:55.282254'::timestamp);
INSERT INTO "public"."inventory" ("book_id", "stock_quantity", "last_updated") VALUES ('978-7-5161-4400-8', 700, '2025-07-10T23:17:24.748072'::timestamp);
INSERT INTO "public"."inventory" ("book_id", "stock_quantity", "last_updated") VALUES ('7-5625-1140-3', 820, '2025-07-10T23:17:24.748072'::timestamp);
INSERT INTO "public"."inventory" ("book_id", "stock_quantity", "last_updated") VALUES ('978-7-306-05383-1', 150, '2025-07-10T23:17:24.748072'::timestamp);

-- purchase_detail: 17 rows
INSERT INTO "public"."purchase_detail" ("item_id", "order_id", "book_id", "quantity", "purchase_price") VALUES ('6', 'PO-7', '7-5625-1140-3', 100, 35.00);
INSERT INTO "public"."purchase_detail" ("item_id", "order_id", "book_id", "quantity", "purchase_price") VALUES ('7', 'PO-7', '978-7-5029-5033-0', 50, 42.50);
INSERT INTO "public"."purchase_detail" ("item_id", "order_id", "book_id", "quantity", "purchase_price") VALUES ('8', '8', '7-5625-1140-3', 30, 15.00);
INSERT INTO "public"."purchase_detail" ("item_id", "order_id", "book_id", "quantity", "purchase_price") VALUES ('9', '8', '978-7-5340-2939-4', 3, 45.00);
INSERT INTO "public"."purchase_detail" ("item_id", "order_id", "book_id", "quantity", "purchase_price") VALUES ('10', 'PO-9', '7-5625-1140-3', 500, 50.00);
INSERT INTO "public"."purchase_detail" ("item_id", "order_id", "book_id", "quantity", "purchase_price") VALUES ('11', 'PO-9', '7-100-00787-9', 100, 5.00);
INSERT INTO "public"."purchase_detail" ("item_id", "order_id", "book_id", "quantity", "purchase_price") VALUES ('12', 'PO-11', '978-7-5171-1397-3', 150, 30.00);
INSERT INTO "public"."purchase_detail" ("item_id", "order_id", "book_id", "quantity", "purchase_price") VALUES ('13', 'PO-11', '978-7-5620-7860-9', 250, 20.00);
INSERT INTO "public"."purchase_detail" ("item_id", "order_id", "book_id", "quantity", "purchase_price") VALUES ('14', 'PO-11', '978-7-5331-7292-3', 300, 10.00);
INSERT INTO "public"."purchase_detail" ("item_id", "order_id", "book_id", "quantity", "purchase_price") VALUES ('15', 'PO-11', '7-5308-1691-8', 200, 30.00);
INSERT INTO "public"."purchase_detail" ("item_id", "order_id", "book_id", "quantity", "purchase_price") VALUES ('16', 'PO-14', '7-5626-0615-3', 300, 20.00);
INSERT INTO "public"."purchase_detail" ("item_id", "order_id", "book_id", "quantity", "purchase_price") VALUES ('17', 'PO-14', '978-7-5161-4400-8', 200, 25.00);
INSERT INTO "public"."purchase_detail" ("item_id", "order_id", "book_id", "quantity", "purchase_price") VALUES ('18', 'PO-14', '978-7-306-05383-1', 350, 10.00);
INSERT INTO "public"."purchase_detail" ("item_id", "order_id", "book_id", "quantity", "purchase_price") VALUES ('19', 'PO-14', '978-7-5151-0614-4', 500, 28.00);
INSERT INTO "public"."purchase_detail" ("item_id", "order_id", "book_id", "quantity", "purchase_price") VALUES ('20', 'PO-19', '978-7-5161-4400-8', 1500, 30.00);
INSERT INTO "public"."purchase_detail" ("item_id", "order_id", "book_id", "quantity", "purchase_price") VALUES ('21', 'PO-19', '7-5625-1140-3', 700, 25.00);
INSERT INTO "public"."purchase_detail" ("item_id", "order_id", "book_id", "quantity", "purchase_price") VALUES ('22', 'PO-19', '978-7-5357-4242-1', 1000, 30.00);

-- sales_detail: 10 rows
INSERT INTO "public"."sales_detail" ("item_id", "order_id", "book_id", "quantity", "sale_price") VALUES ('3', 'SO-4', '7-5625-1140-3', 10, 100.00);
INSERT INTO "public"."sales_detail" ("item_id", "order_id", "book_id", "quantity", "sale_price") VALUES ('10', 'SO-12', '7-100-00787-9', 50, 30.00);
INSERT INTO "public"."sales_detail" ("item_id", "order_id", "book_id", "quantity", "sale_price") VALUES ('11', 'SO-12', '978-7-5331-7292-3', 100, 20.00);
INSERT INTO "public"."sales_detail" ("item_id", "order_id", "book_id", "quantity", "sale_price") VALUES ('12', 'SO-12', '7-5308-1691-8', 150, 30.00);
INSERT INTO "public"."sales_detail" ("item_id", "order_id", "book_id", "quantity", "sale_price") VALUES ('13', 'SO-13', '978-7-5340-2939-4', 70, 10.00);
INSERT INTO "public"."sales_detail" ("item_id", "order_id", "book_id", "quantity", "sale_price") VALUES ('14', 'SO-13', '978-7-5331-7292-3', 120, 20.00);
INSERT INTO "public"."sales_detail" ("item_id", "order_id", "book_id", "quantity", "sale_price") VALUES ('15', 'SO-15', '978-7-5331-7292-3', 70, 19.00);
INSERT INTO "public"."sales_detail" ("item_id", "order_id", "book_id", "quantity", "sale_price") VALUES ('19', 'SO-20', '978-7-5161-4400-8', 1000, 30.00);
INSERT INTO "public"."sales_detail" ("item_id", "order_id", "book_id", "quantity", "sale_price") VALUES ('20', 'SO-20', '7-5625-1140-3', 500, 35.00);
INSERT INTO "public"."sales_detail" ("item_id", "order_id", "book_id", "quantity", "sale_price") VALUES ('21', 'SO-20', '978-7-306-05383-1', 200, 32.00);

SELECT setval('"public"."order_seq"', 21, true);
SELECT setval('"public"."purchase_detail_item_id_seq"', 22, true);
SELECT setval('"public"."sales_detail_item_id_seq"', 22, true);

COMMIT;
